[
  {
    "value": "checkup",
    "synonyms": [
      "Checkup",
      "yearly control",
      "general",
      "check"
    ]
  },
  {
    "value": "short",
    "synonyms": [
      "single problem",
      "short",
      "help",
      "not urgent",
      "fast",
      "quick",
      "small problem",
      "just show"
    ]
  },
  {
    "value": "standard",
    "synonyms": [
      "standard",
      "consultation",
      "doctor",
      "appointment"
    ]
  },
  {
    "value": "vaccination",
    "synonyms": [
      "vaccination",
      "prick",
      "shot"
    ]
  }
]