[
  {
    "value": "referral",
    "synonyms": [
      "referral",
      "spitex"
    ]
  },
  {
    "value": "sick note",
    "synonyms": [
      "sick note"
    ]
  },
  {
    "value": "prescription",
    "synonyms": [
      "recipe",
      "pharmacy"
    ]
  },
  {
    "value": "medical report",
    "synonyms": [
      "medical report"
    ]
  },
  {
    "value": "insurance",
    "synonyms": [
      "insurance"
    ]
  },
  {
    "value": "confirmation",
    "synonyms": [
      "confirmation"
    ]
  },
  {
    "value": "notice",
    "synonyms": [
      "notice"
    ]
  }
]