[
  {
    "value": "random",
    "synonyms": [
      "none",
      "new",
      "nobody",
      "retired",
      "random",
      "unimportant",
      "no preferences"
    ]
  },
  {
    "value": "Hantke",
    "synonyms": [
      "Hantke",
      "Frederik Hantke",
      "Frederik",
      "Doctor Fred",
      "Dr. Hantke",
      "hantke"
    ]
  },
  {
    "value": "Pluess",
    "synonyms": [
      "Pluess",
      "Dominique Pluess",
      "Doctor Pluess",
      "Dr. Pluess",
      "pluess",
      "plüss"
    ]
  }
]