[
  {
    "value": "emergency",
    "synonyms": [
      "emergency",
      "accident",
      "urgent"
    ]
  },
  {
    "value": "medication",
    "synonyms": [
      "medication",
      "drugs",
      "refill",
      "prescription"
    ]
  },
  {
    "value": "blood",
    "synonyms": [
      "blood",
      "checkup",
      "laboratory"
    ]
  },
  {
    "value": "injection",
    "synonyms": [
      "vaccination",
      "injection"
    ]
  },
  {
    "value": "appointment",
    "synonyms": [
      "appointment",
      "consultation",
      "doctor",
      "skin"
    ]
  },
  {
    "value": "diagnostics",
    "synonyms": [
      "diagnostics",
      "x-ray",
      "ultrasound",
      "lung  check"
    ]
  },
  {
    "value": "document",
    "synonyms": [
      "document",
      "letter",
      "note",
      "prescription",
      "sick note",
      "referral"
    ]
  },
  {
    "value": "cancel",
    "synonyms": [
      "cancel",
      "stopp",
      "don\u0027t need",
      "unsubscribe"
    ]
  }
]