[
  {
    "id": "7b7e5dd8-484e-4334-8c72-85ee952afcc2",
    "data": [
      {
        "text": "my name is ",
        "userDefined": false
      },
      {
        "text": "Bruce",
        "meta": "@sys.given-name",
        "alias": "patient_firstName",
        "userDefined": false
      },
      {
        "text": " ",
        "userDefined": false
      },
      {
        "text": "Banner",
        "meta": "@sys.last-name",
        "alias": "patient_lastName",
        "userDefined": true
      }
    ],
    "isTemplate": false,
    "count": 0,
    "lang": "en",
    "updated": 0
  },
  {
    "id": "ee1bbe97-1dcb-4d3d-aa78-74b1d79afe89",
    "data": [
      {
        "text": "I have a meeting with doctor ",
        "userDefined": false
      },
      {
        "text": "hantke",
        "meta": "@physicianName",
        "alias": "physicianName",
        "userDefined": true
      },
      {
        "text": " on ",
        "userDefined": false
      },
      {
        "text": "15/4/2022",
        "meta": "@sys.date",
        "alias": "appointment_date",
        "userDefined": false
      },
      {
        "text": " at ",
        "userDefined": false
      },
      {
        "text": "10:00",
        "meta": "@sys.time",
        "alias": "appointment_time",
        "userDefined": true
      },
      {
        "text": " that I wanted to ",
        "userDefined": false
      },
      {
        "text": "cancel",
        "meta": "@ReasonOfCall",
        "alias": "reasonofcall",
        "userDefined": false
      }
    ],
    "isTemplate": false,
    "count": 0,
    "lang": "en",
    "updated": 0
  },
  {
    "id": "0f0833a0-da33-40ed-b533-07586d4cac2a",
    "data": [
      {
        "text": "My name is ",
        "userDefined": false
      },
      {
        "text": "Tony",
        "meta": "@sys.given-name",
        "alias": "patient_firstName",
        "userDefined": true
      },
      {
        "text": " ",
        "userDefined": false
      },
      {
        "text": "Stark",
        "meta": "@sys.last-name",
        "alias": "patient_lastName",
        "userDefined": true
      },
      {
        "text": " and I ",
        "userDefined": false
      },
      {
        "text": "don\u0027t need the appointment",
        "meta": "@ReasonOfCall",
        "alias": "reasonofcall",
        "userDefined": true
      },
      {
        "text": " on ",
        "userDefined": false
      },
      {
        "text": "13/3/2023",
        "meta": "@sys.date",
        "alias": "appointment_date",
        "userDefined": false
      }
    ],
    "isTemplate": false,
    "count": 0,
    "lang": "en",
    "updated": 0
  },
  {
    "id": "716115c6-ac21-4453-a6f2-cd1f0afcdcd6",
    "data": [
      {
        "text": "I  wanted to ",
        "userDefined": false
      },
      {
        "text": "cancel my appointment",
        "meta": "@ReasonOfCall",
        "alias": "reasonofcall",
        "userDefined": true
      },
      {
        "text": " ",
        "userDefined": false
      },
      {
        "text": "next thursday",
        "meta": "@sys.date",
        "alias": "appointment_date",
        "userDefined": true
      },
      {
        "text": " on ",
        "userDefined": false
      },
      {
        "text": "9:00am",
        "meta": "@sys.time",
        "alias": "appointment_time",
        "userDefined": true
      }
    ],
    "isTemplate": false,
    "count": 0,
    "lang": "en",
    "updated": 0
  }
]