[
  {
    "id": "b19d7ca6-c02b-4da2-ac58-97402029ee46",
    "data": [
      {
        "text": "my name is ",
        "userDefined": false
      },
      {
        "text": "Bruce",
        "meta": "@sys.given-name",
        "alias": "patient_firstName",
        "userDefined": false
      },
      {
        "text": " ",
        "userDefined": false
      },
      {
        "text": "Banner",
        "meta": "@sys.last-name",
        "alias": "patient_lastName",
        "userDefined": true
      }
    ],
    "isTemplate": false,
    "count": 0,
    "lang": "en",
    "updated": 0
  },
  {
    "id": "781b61f6-8b19-4c76-a2d6-4c483c6036f6",
    "data": [
      {
        "text": "principal ",
        "userDefined": false
      },
      {
        "text": "doctor",
        "userDefined": false
      },
      {
        "text": " is ",
        "userDefined": false
      },
      {
        "text": "doctor",
        "userDefined": false
      },
      {
        "text": " ",
        "userDefined": false
      },
      {
        "text": "Pluess",
        "meta": "@physicianName",
        "alias": "physicianName",
        "userDefined": false
      }
    ],
    "isTemplate": false,
    "count": 0,
    "lang": "en",
    "updated": 0
  },
  {
    "id": "43b1eb7f-6ad6-491d-b36e-2b882ff41bb8",
    "data": [
      {
        "text": "physician name is doctor ",
        "userDefined": false
      },
      {
        "text": "Hantke",
        "meta": "@physicianName",
        "alias": "physicianName",
        "userDefined": false
      }
    ],
    "isTemplate": false,
    "count": 0,
    "lang": "en",
    "updated": 0
  },
  {
    "id": "507ff6bd-9b3d-4a81-9af2-473bdc057ee5",
    "data": [
      {
        "text": "Need an urgent ",
        "userDefined": false
      },
      {
        "text": "appointment",
        "meta": "@AppointmentType",
        "alias": "appointment_type",
        "userDefined": true
      },
      {
        "text": " ",
        "userDefined": false
      },
      {
        "text": "tomorrow",
        "meta": "@sys.date",
        "alias": "appointment_date",
        "userDefined": true
      },
      {
        "text": " at ",
        "userDefined": false
      },
      {
        "text": "15:00",
        "meta": "@sys.time",
        "alias": "appointment_time",
        "userDefined": true
      },
      {
        "text": ". my phone number is ",
        "userDefined": false
      },
      {
        "text": "070 123 45 67",
        "meta": "@sys.phone-number",
        "alias": "patient_phoneNumber",
        "userDefined": true
      },
      {
        "text": ", my name is ",
        "userDefined": false
      },
      {
        "text": "Paul",
        "meta": "@sys.given-name",
        "alias": "patient_firstName",
        "userDefined": true
      },
      {
        "text": " ",
        "userDefined": false
      },
      {
        "text": "Meier",
        "meta": "@sys.last-name",
        "alias": "patient_lastName",
        "userDefined": true
      },
      {
        "text": ", born ",
        "userDefined": false
      },
      {
        "text": "13/3/1999",
        "meta": "@sys.date",
        "alias": "patient_birthDate",
        "userDefined": true
      },
      {
        "text": " and my email address is ",
        "userDefined": false
      },
      {
        "text": "frederik.hantke@students.fhnw.ch",
        "meta": "@sys.email",
        "alias": "patient_email",
        "userDefined": true
      },
      {
        "text": " and my physician is ",
        "userDefined": false
      },
      {
        "text": "Hantke",
        "meta": "@physicianName",
        "alias": "physicianName",
        "userDefined": true
      },
      {
        "text": ".",
        "userDefined": false
      }
    ],
    "isTemplate": false,
    "count": 0,
    "lang": "en",
    "updated": 0
  },
  {
    "id": "b57f6c33-fa62-43a5-8706-2be372ac481b",
    "data": [
      {
        "text": "in the ",
        "userDefined": false
      },
      {
        "text": "morning",
        "meta": "@sys.time",
        "alias": "appointment_time",
        "userDefined": true
      }
    ],
    "isTemplate": false,
    "count": 0,
    "lang": "en",
    "updated": 0
  },
  {
    "id": "f0d99a44-6aad-4377-9693-34e3817eb4fb",
    "data": [
      {
        "text": "tomorrow",
        "meta": "@sys.date",
        "alias": "appointment_date",
        "userDefined": true
      },
      {
        "text": " ",
        "userDefined": false
      },
      {
        "text": "afternoon",
        "meta": "@sys.time",
        "alias": "appointment_time",
        "userDefined": true
      }
    ],
    "isTemplate": false,
    "count": 0,
    "lang": "en",
    "updated": 0
  },
  {
    "id": "5526af15-6cde-4a48-a998-96bd2165d1ca",
    "data": [
      {
        "text": "around ",
        "userDefined": false
      },
      {
        "text": "8",
        "meta": "@sys.time",
        "alias": "appointment_time",
        "userDefined": false
      }
    ],
    "isTemplate": false,
    "count": 0,
    "lang": "en",
    "updated": 0
  },
  {
    "id": "594b80b9-378a-4512-9dcb-3e56baf10257",
    "data": [
      {
        "text": "I\u0027m ",
        "userDefined": false
      },
      {
        "text": "new",
        "meta": "@patientType",
        "alias": "patient_type",
        "userDefined": true
      },
      {
        "text": " at the practice an need an ",
        "userDefined": false
      },
      {
        "text": "appointment",
        "userDefined": false
      },
      {
        "text": " in ",
        "userDefined": false
      },
      {
        "text": "the next days",
        "meta": "@sys.date",
        "alias": "appointment_date",
        "userDefined": false
      },
      {
        "text": " for a ",
        "userDefined": false
      },
      {
        "text": "first",
        "meta": "@sys.date",
        "alias": "patient_birthDate",
        "userDefined": false
      },
      {
        "text": " ",
        "userDefined": false
      },
      {
        "text": "consultation",
        "meta": "@AppointmentType",
        "alias": "appointment_type",
        "userDefined": true
      },
      {
        "text": ".",
        "userDefined": false
      }
    ],
    "isTemplate": false,
    "count": 0,
    "lang": "en",
    "updated": 0
  },
  {
    "id": "c8015a49-d1f2-422d-9b79-177bf9713127",
    "data": [
      {
        "text": "can I have an ",
        "userDefined": false
      },
      {
        "text": "appointment",
        "meta": "@AppointmentType",
        "alias": "appointment_type",
        "userDefined": false
      },
      {
        "text": " with Doctor ",
        "userDefined": false
      },
      {
        "text": "Hantke",
        "meta": "@physicianName",
        "alias": "physicianName",
        "userDefined": true
      },
      {
        "text": "?",
        "userDefined": false
      }
    ],
    "isTemplate": false,
    "count": 0,
    "lang": "en",
    "updated": 0
  },
  {
    "id": "5ab789f7-49e0-4008-b51b-761f24fe4972",
    "data": [
      {
        "text": "my main ",
        "userDefined": false
      },
      {
        "text": "doctor",
        "meta": "@AppointmentType",
        "alias": "appointment_type",
        "userDefined": false
      },
      {
        "text": " is ",
        "userDefined": false
      },
      {
        "text": "Hantke",
        "meta": "@physicianName",
        "alias": "physicianName",
        "userDefined": true
      }
    ],
    "isTemplate": false,
    "count": 0,
    "lang": "en",
    "updated": 0
  },
  {
    "id": "9843cf83-3e75-488b-9147-60fa8c009a82",
    "data": [
      {
        "text": "May I have an ",
        "userDefined": false
      },
      {
        "text": "appointment",
        "meta": "@AppointmentType",
        "alias": "appointment_type",
        "userDefined": true
      },
      {
        "text": " for ",
        "userDefined": false
      },
      {
        "text": "Friday at 14:00",
        "userDefined": true
      },
      {
        "text": "?",
        "userDefined": false
      }
    ],
    "isTemplate": false,
    "count": 0,
    "lang": "en",
    "updated": 0
  },
  {
    "id": "dc32dbb0-0cb6-452a-9c08-02efe5deb16a",
    "data": [
      {
        "text": "Need an ",
        "userDefined": false
      },
      {
        "text": "appointment",
        "meta": "@AppointmentType",
        "alias": "appointment_type",
        "userDefined": true
      },
      {
        "text": " ",
        "userDefined": false
      },
      {
        "text": "tomorrow",
        "meta": "@sys.date",
        "alias": "appointment_date",
        "userDefined": true
      },
      {
        "text": " at ",
        "userDefined": false
      },
      {
        "text": "15:00",
        "meta": "@sys.time",
        "alias": "appointment_time",
        "userDefined": true
      },
      {
        "text": " with ",
        "userDefined": false
      },
      {
        "text": "Pluess",
        "meta": "@physicianName",
        "alias": "physicianName",
        "userDefined": true
      },
      {
        "text": ". my phone number ",
        "userDefined": false
      },
      {
        "text": "078 405 59 18",
        "meta": "@sys.phone-number",
        "alias": "patient_phoneNumber",
        "userDefined": true
      },
      {
        "text": ", my name is ",
        "userDefined": false
      },
      {
        "text": "Paul",
        "meta": "@sys.given-name",
        "alias": "patient_firstName",
        "userDefined": true
      },
      {
        "text": " ",
        "userDefined": false
      },
      {
        "text": "Meier",
        "meta": "@sys.last-name",
        "alias": "patient_lastName",
        "userDefined": true
      },
      {
        "text": ", born ",
        "userDefined": false
      },
      {
        "text": "13/3/1999",
        "meta": "@sys.date",
        "alias": "patient_birthDate",
        "userDefined": true
      },
      {
        "text": " and my email address is ",
        "userDefined": false
      },
      {
        "text": "frederik.hantke@students.fhnw.ch.",
        "meta": "@sys.email",
        "alias": "patient_email",
        "userDefined": true
      }
    ],
    "isTemplate": false,
    "count": 0,
    "lang": "en",
    "updated": 0
  },
  {
    "id": "17734a70-6770-4950-ae11-73ede09b6f09",
    "data": [
      {
        "text": "I need to ",
        "userDefined": false
      },
      {
        "text": "see",
        "userDefined": false
      },
      {
        "text": " a ",
        "userDefined": false
      },
      {
        "text": "doctor",
        "meta": "@AppointmentType",
        "alias": "appointment_type",
        "userDefined": true
      },
      {
        "text": " ",
        "userDefined": false
      },
      {
        "text": "after 15:00",
        "meta": "@sys.time",
        "alias": "appointment_time",
        "userDefined": false
      },
      {
        "text": " ",
        "userDefined": false
      },
      {
        "text": "this week",
        "meta": "@sys.date",
        "alias": "appointment_date",
        "userDefined": false
      }
    ],
    "isTemplate": false,
    "count": 1,
    "lang": "en",
    "updated": 0
  },
  {
    "id": "9c0e0284-ecb5-4b1d-9d1d-ca9e2b34c320",
    "data": [
      {
        "text": "would it be possible to get a ",
        "userDefined": false
      },
      {
        "text": "checkup",
        "meta": "@AppointmentType",
        "alias": "appointment_type",
        "userDefined": true
      },
      {
        "text": " appointment ",
        "userDefined": false
      },
      {
        "text": "this week",
        "meta": "@sys.date",
        "alias": "appointment_date",
        "userDefined": false
      },
      {
        "text": "?",
        "userDefined": false
      }
    ],
    "isTemplate": false,
    "count": 0,
    "lang": "en",
    "updated": 0
  },
  {
    "id": "af307327-66eb-45b1-95b7-313812df9be3",
    "data": [
      {
        "text": "I need an ",
        "userDefined": false
      },
      {
        "text": "appointment",
        "meta": "@AppointmentType",
        "alias": "appointment_type",
        "userDefined": false
      },
      {
        "text": " on ",
        "userDefined": false
      },
      {
        "text": "Monday",
        "meta": "@sys.date",
        "alias": "appointment_date",
        "userDefined": true
      }
    ],
    "isTemplate": false,
    "count": 0,
    "lang": "en",
    "updated": 0
  },
  {
    "id": "5a955124-133a-42fe-908d-a6c3d135c869",
    "data": [
      {
        "text": "my birthday is ",
        "userDefined": false
      },
      {
        "text": "13/3/2000",
        "meta": "@sys.date",
        "alias": "patient_birthDate",
        "userDefined": false
      }
    ],
    "isTemplate": false,
    "count": 0,
    "lang": "en",
    "updated": 0
  },
  {
    "id": "00a1a009-5f40-4f97-8fcf-f69913465cfc",
    "data": [
      {
        "text": "could I have an ",
        "userDefined": false
      },
      {
        "text": "appointment",
        "meta": "@AppointmentType",
        "alias": "appointment_type",
        "userDefined": true
      },
      {
        "text": " ",
        "userDefined": false
      },
      {
        "text": "next Friday",
        "meta": "@sys.date",
        "alias": "appointment_date",
        "userDefined": true
      },
      {
        "text": "?",
        "userDefined": false
      }
    ],
    "isTemplate": false,
    "count": 0,
    "lang": "en",
    "updated": 0
  },
  {
    "id": "845eca11-0c90-493f-bebc-772e25fb9e35",
    "data": [
      {
        "text": "my name is ",
        "userDefined": false
      },
      {
        "text": "Meier",
        "meta": "@sys.last-name",
        "alias": "patient_lastName",
        "userDefined": true
      }
    ],
    "isTemplate": false,
    "count": 0,
    "lang": "en",
    "updated": 0
  },
  {
    "id": "1540abe9-8215-4073-be6a-20b9d133a95c",
    "data": [
      {
        "text": "my name is ",
        "userDefined": false
      },
      {
        "text": "Peter",
        "meta": "@sys.given-name",
        "alias": "patient_firstName",
        "userDefined": true
      }
    ],
    "isTemplate": false,
    "count": 0,
    "lang": "en",
    "updated": 0
  },
  {
    "id": "13d0e87a-0dad-4776-a546-2309a83a29fd",
    "data": [
      {
        "text": "my name is ",
        "userDefined": false
      },
      {
        "text": "Beat",
        "meta": "@sys.given-name",
        "alias": "patient_firstName",
        "userDefined": true
      },
      {
        "text": " ",
        "userDefined": false
      },
      {
        "text": "Meier",
        "meta": "@sys.last-name",
        "alias": "patient_lastName",
        "userDefined": true
      },
      {
        "text": " and my email is ",
        "userDefined": false
      },
      {
        "text": "frederik.hantke@students.fhnw.ch",
        "meta": "@sys.email",
        "alias": "patient_email",
        "userDefined": true
      }
    ],
    "isTemplate": false,
    "count": 0,
    "lang": "en",
    "updated": 0
  },
  {
    "id": "bb12dd87-3188-4d66-8e87-f9f6c4cc9346",
    "data": [
      {
        "text": "my mobile is ",
        "userDefined": false
      },
      {
        "text": "078 405 59 18",
        "meta": "@sys.phone-number",
        "alias": "patient_phoneNumber",
        "userDefined": false
      }
    ],
    "isTemplate": false,
    "count": 0,
    "lang": "en",
    "updated": 0
  },
  {
    "id": "ca1ee707-8696-4ac7-808c-4fa2dfac1ca5",
    "data": [
      {
        "text": "my phone number is ",
        "userDefined": false
      },
      {
        "text": "061 302 26 48",
        "meta": "@sys.phone-number",
        "alias": "patient_phoneNumber",
        "userDefined": false
      }
    ],
    "isTemplate": false,
    "count": 0,
    "lang": "en",
    "updated": 0
  },
  {
    "id": "80a673b9-1100-46c2-94c6-40ac23b8f3c8",
    "data": [
      {
        "text": "emergency",
        "userDefined": true
      }
    ],
    "isTemplate": false,
    "count": 0,
    "lang": "en",
    "updated": 0
  },
  {
    "id": "a542a610-d7b2-4469-b90a-b900c665f816",
    "data": [
      {
        "text": "appointment",
        "meta": "@AppointmentType",
        "alias": "appointment_type",
        "userDefined": true
      }
    ],
    "isTemplate": false,
    "count": 0,
    "lang": "en",
    "updated": 0
  },
  {
    "id": "1ebb5f3e-e3df-4ee7-b271-166cb7aa5fca",
    "data": [
      {
        "text": "help",
        "userDefined": true
      }
    ],
    "isTemplate": false,
    "count": 0,
    "lang": "en",
    "updated": 0
  },
  {
    "id": "1cb53519-3ea6-49d6-9ae0-24ec0d8526b4",
    "data": [
      {
        "text": "doctor",
        "meta": "@AppointmentType",
        "alias": "appointment_type",
        "userDefined": true
      }
    ],
    "isTemplate": false,
    "count": 0,
    "lang": "en",
    "updated": 0
  }
]