[
  {
    "id": "d404ea49-e230-48fe-9cc7-8d3e66c0cae3",
    "data": [
      {
        "text": "please send a confirmation email to ",
        "userDefined": false
      },
      {
        "text": "frederik.hantke@students.fhnw.ch",
        "meta": "@sys.email",
        "alias": "patient_email",
        "userDefined": true
      }
    ],
    "isTemplate": false,
    "count": 0,
    "lang": "en",
    "updated": 0
  },
  {
    "id": "ace44e31-fb19-4739-aa66-4a48d2ca4402",
    "data": [
      {
        "text": "I need a ",
        "userDefined": false
      },
      {
        "text": "Spitex",
        "meta": "@sys.any",
        "alias": "documentDestination",
        "userDefined": true
      },
      {
        "text": " ",
        "userDefined": false
      },
      {
        "text": "referral",
        "meta": "@DocumentType",
        "alias": "documentType",
        "userDefined": true
      },
      {
        "text": " from ",
        "userDefined": false
      },
      {
        "text": "1/1/2023",
        "meta": "@sys.date",
        "alias": "documentStartDate",
        "userDefined": true
      },
      {
        "text": ". Patient ",
        "userDefined": false
      },
      {
        "text": "Hans",
        "meta": "@sys.given-name",
        "alias": "patient_firstName",
        "userDefined": true
      },
      {
        "text": " ",
        "userDefined": false
      },
      {
        "text": "Meiser",
        "meta": "@sys.last-name",
        "alias": "patient_lastName",
        "userDefined": true
      },
      {
        "text": ", born ",
        "userDefined": false
      },
      {
        "text": "1/1/1900",
        "meta": "@sys.date",
        "alias": "patient_birthDate",
        "userDefined": true
      },
      {
        "text": ", ",
        "userDefined": false
      },
      {
        "text": "Steinmatteli",
        "meta": "@sys.any",
        "alias": "patient_street",
        "userDefined": true
      },
      {
        "text": " ",
        "userDefined": false
      },
      {
        "text": "200",
        "meta": "@sys.any",
        "alias": "patient_housenumber",
        "userDefined": true
      },
      {
        "text": " in ",
        "userDefined": false
      },
      {
        "text": "4123",
        "meta": "@sys.zip-code",
        "alias": "patient_zip",
        "userDefined": true
      },
      {
        "text": " ",
        "userDefined": false
      },
      {
        "text": "Allschwil",
        "meta": "@sys.geo-city",
        "alias": "patient_city",
        "userDefined": true
      },
      {
        "text": ". Phone ",
        "userDefined": false
      },
      {
        "text": "+41 61 123 45 67",
        "meta": "@sys.phone-number",
        "alias": "patient_phoneNumber",
        "userDefined": false
      },
      {
        "text": ". ",
        "userDefined": false
      },
      {
        "text": "SWICA",
        "meta": "@sys.any",
        "alias": "patient_insurance",
        "userDefined": true
      },
      {
        "text": " ",
        "userDefined": false
      },
      {
        "text": "insurance",
        "userDefined": false
      },
      {
        "text": ". Doctor ",
        "userDefined": false
      },
      {
        "text": "Hantke",
        "meta": "@physicianName",
        "alias": "physicianName",
        "userDefined": false
      }
    ],
    "isTemplate": false,
    "count": 0,
    "lang": "en",
    "updated": 0
  },
  {
    "id": "caa9868e-48b2-4753-baa6-b6e6d7fe982c",
    "data": [
      {
        "text": "I\u0027m sick and need a ",
        "userDefined": false
      },
      {
        "text": "sick-leave",
        "meta": "@DocumentType",
        "alias": "documentType",
        "userDefined": true
      },
      {
        "text": " for ",
        "userDefined": false
      },
      {
        "text": "5 days",
        "meta": "@sys.date",
        "alias": "documentEndDate",
        "userDefined": true
      },
      {
        "text": " from ",
        "userDefined": false
      },
      {
        "text": "yesterday",
        "meta": "@sys.date",
        "alias": "documentStartDate",
        "userDefined": true
      },
      {
        "text": ".",
        "userDefined": false
      }
    ],
    "isTemplate": false,
    "count": 0,
    "lang": "en",
    "updated": 0
  },
  {
    "id": "d6f71fdb-46a6-4927-8f6c-fd683186ebd2",
    "data": [
      {
        "text": "Hello, I need a ",
        "userDefined": false
      },
      {
        "text": "referral",
        "meta": "@DocumentType",
        "alias": "documentType",
        "userDefined": true
      },
      {
        "text": " to ",
        "userDefined": false
      },
      {
        "text": "Spitex",
        "meta": "@sys.any",
        "alias": "documentDestination",
        "userDefined": true
      },
      {
        "text": ". Beginning from ",
        "userDefined": false
      },
      {
        "text": "1/1/2023",
        "meta": "@sys.date",
        "alias": "documentStartDate",
        "userDefined": true
      },
      {
        "text": ". The principal doctor is doctor ",
        "userDefined": false
      },
      {
        "text": "Hantke",
        "meta": "@physicianName",
        "alias": "physicianName",
        "userDefined": true
      },
      {
        "text": ".",
        "userDefined": false
      }
    ],
    "isTemplate": false,
    "count": 0,
    "lang": "en",
    "updated": 0
  },
  {
    "id": "e9fc7ee2-4522-4cb6-9634-34db6469a806",
    "data": [
      {
        "text": "insurance",
        "meta": "@DocumentType",
        "alias": "documentType",
        "userDefined": true
      },
      {
        "text": " confirmation",
        "userDefined": false
      }
    ],
    "isTemplate": false,
    "count": 0,
    "lang": "en",
    "updated": 0
  },
  {
    "id": "ca5c5771-5f3c-4d50-b8bc-eb0cd97e95d2",
    "data": [
      {
        "text": "referral",
        "meta": "@DocumentType",
        "alias": "documentType",
        "userDefined": true
      }
    ],
    "isTemplate": false,
    "count": 0,
    "lang": "en",
    "updated": 0
  },
  {
    "id": "99dd3e73-4275-4e0e-be49-d597f7ad4f82",
    "data": [
      {
        "text": "prescription",
        "meta": "@DocumentType",
        "alias": "documentType",
        "userDefined": true
      }
    ],
    "isTemplate": false,
    "count": 0,
    "lang": "en",
    "updated": 0
  },
  {
    "id": "306b8642-cc14-4eda-939a-b34723bd9459",
    "data": [
      {
        "text": "receipt",
        "meta": "@DocumentType",
        "alias": "documentType",
        "userDefined": true
      }
    ],
    "isTemplate": false,
    "count": 0,
    "lang": "en",
    "updated": 0
  },
  {
    "id": "7b48d453-335a-42d7-a5e3-079224b8e3d0",
    "data": [
      {
        "text": "letter",
        "meta": "@DocumentType",
        "alias": "documentType",
        "userDefined": true
      }
    ],
    "isTemplate": false,
    "count": 0,
    "lang": "en",
    "updated": 0
  },
  {
    "id": "82cff437-fbf6-41f4-8329-c78d7fa4e94f",
    "data": [
      {
        "text": "I need a ",
        "userDefined": false
      },
      {
        "text": "sick note",
        "meta": "@DocumentType",
        "alias": "documentType",
        "userDefined": true
      },
      {
        "text": " from ",
        "userDefined": false
      },
      {
        "text": "20/10/2022",
        "meta": "@sys.date",
        "alias": "documentStartDate",
        "userDefined": true
      },
      {
        "text": " until ",
        "userDefined": false
      },
      {
        "text": "25/10/2022",
        "meta": "@sys.date",
        "alias": "documentEndDate",
        "userDefined": true
      }
    ],
    "isTemplate": false,
    "count": 0,
    "lang": "en",
    "updated": 0
  }
]