[
  {
    "id": "c3d12e8d-5365-4bf1-8e71-a0a76f1f4789",
    "data": [
      {
        "text": "I had an accident and need to see a doctor today",
        "userDefined": false
      }
    ],
    "isTemplate": false,
    "count": 0,
    "lang": "en",
    "updated": 0
  },
  {
    "id": "80bfb842-fbaa-481a-af92-2fd053fad96a",
    "data": [
      {
        "text": "I need an urgent appointment!",
        "userDefined": false
      }
    ],
    "isTemplate": false,
    "count": 0,
    "lang": "en",
    "updated": 0
  },
  {
    "id": "558f26fd-503f-4a23-b8b9-cd821af8fb46",
    "data": [
      {
        "text": "accident",
        "userDefined": false
      }
    ],
    "isTemplate": false,
    "count": 0,
    "lang": "en",
    "updated": 0
  },
  {
    "id": "e16f43f9-dedd-4b68-8d1e-8e350cd232cb",
    "data": [
      {
        "text": "emergency",
        "userDefined": false
      }
    ],
    "isTemplate": false,
    "count": 0,
    "lang": "en",
    "updated": 0
  }
]